cell,n,p_obs,p_indep,diff_pp,pmi
남자 × 비현역,490794,0.490794,0.492940462644,-0.214646264399998,-0.004363913498810795
남자 × 현역,4764,0.004764,0.002617537356,0.2146462644,0.5988537161990998
여자 × 비현역,503924,0.503924,0.5017775373560001,0.214646264399998,0.004268594256797658
여자 × 현역,518,0.000518,0.0026644626440000003,-0.2146462644,-1.6377824394879128
