bachelors_field,count,share
해당없음,674421,0.6744209999999999
공학·제조·건설,67871,0.067871
경영·행정·법,54913,0.054913
예술·인문,49031,0.049031
보건·복지,34547,0.034547
교육,31498,0.031498
정보통신기술,29169,0.029168999999999997
서비스,18438,0.018438
사회과학·언론,17219,0.017218999999999998
자연과학·수학,16949,0.016949
농림어업·수의학,5944,0.005944
