education_level,count,share
고등학교,331377,0.331377
4년제 대학교,271256,0.271256
2~3년제 전문대학,150235,0.15023499999999998
중학교,85255,0.085255
초등학교,81239,0.08123899999999999
대학원,54323,0.054322999999999996
무학,26315,0.026314999999999998
