housing_type,count,share
아파트,620556,0.620556
단독주택,169153,0.169153
다세대주택,114369,0.114369
주택 이외의 거처,60264,0.060264
연립주택,25744,0.025744
비주거용 건물 내 주택,9914,0.009914
