marital_status,count,share
배우자있음,592538,0.592538
미혼,256962,0.25696199999999997
사별,87888,0.087888
이혼,62612,0.062612
