military_status,count,share
비현역,994718,0.994718
현역,5282,0.005281999999999999
