province,count,share
경기,262154,0.262154
서울,185228,0.185228
부산,65285,0.065285
경상남,62416,0.062416
인천,58991,0.058990999999999995
경상북,50298,0.050297999999999995
대구,46934,0.046934
충청남,41456,0.041456
전라남,34391,0.034391
전북,34188,0.034187999999999996
충청북,31296,0.031296
강원,30200,0.030199999999999998
대전,28646,0.028645999999999998
광주,27594,0.027594
울산,21317,0.021317
제주,12673,0.012673
세종,6933,0.006933
