sex,count,share
여자,504442,0.504442
남자,495558,0.495558
