cell,n,p_obs,p_indep,diff_pp,pmi
남자 × 미혼,152871,0.152871,0.127339574796,2.5531425204000007,0.1827370930377037
남자 × 배우자있음,299756,0.299756,0.293636946204,0.6119053796000029,0.020624682995025505
남자 × 사별,13545,0.013545,0.043553601504000006,-3.0008601504000003,-1.1679749224822198
남자 × 이혼,29386,0.029386,0.031027877496,-0.16418774960000015,-0.054367703991235354
여자 × 미혼,104091,0.104091,0.129622425204,-2.5531425203999993,-0.2193602863789695
여자 × 배우자있음,292782,0.292782,0.29890105379599996,-0.6119053795999974,-0.020684290076508936
여자 × 사별,74343,0.074343,0.044334398496,3.0008601504000003,0.516928653689378
여자 × 이혼,33226,0.033226,0.031584122503999994,0.1641877496000005,0.050678160047992506
