cell,n,p_obs,p_indep,diff_pp,pmi
미혼 × 비현역,254770,0.25477,0.25560472671600004,-0.08347267160000449,-0.003271037598774466
미혼 × 현역,2192,0.002192,0.0013572732840000002,0.08347267159999998,0.4793366201522806
배우자있음 × 비현역,589802,0.589802,0.589408214284,0.03937857160000169,0.0006678804607826514
배우자있음 × 현역,2736,0.002736,0.003129785716,-0.039378571599999995,-0.13446754110632017
사별 × 비현역,87834,0.087834,0.087423775584,0.041022441599999904,0.004681391896248883
사별 × 현역,54,5.4e-05,0.00046422441599999997,-0.041022441599999994,-2.1513840439109306
이혼 × 비현역,62312,0.062312,0.062281283416000005,0.0030716583999994274,0.0004930696708545492
이혼 × 현역,300,0.0003,0.000330716584,-0.003071658400000002,-0.09747929224471595
